"id_venta","fecha","id_farmacia","id_producto","cantidad","total_venta"
"V00001","2026-02-12","F061","P076","2","7,96"
"V00002","2026-02-26","F033","P025","3","33,93"
"V00003","2026-09-17","F065","P016","2","12,76"
"V00004","2026-03-10","F029","P042","1","9,46"
"V00005","2026-02-05","F030","P029","5","108,4"
"V00006","2026-07-09","F039","P144","2","40,1"
"V00007","2026-02-14","F039","P140","2","47,62"
"V00008","2026-04-01","F009","P078","8","199,36"
"V00009","2026-09-18","F080","P029","2","43,36"
"V00010","2026-03-27","F070","P002","1","21,74"
"V00011","2026-03-19","F063","P126","3","57,6"
"V00012","2026-06-01","F030","P031","2","7"
"V00013","2026-04-23","F011","P097","3","11,25"
"V00014","2026-09-13","F098","P129","1","13,87"
"V00015","2026-05-24","F026","P090","2","28"
"V00016","2026-09-03","F050","P019","3","68,22"
"V00017","2026-03-22","F035","P129","4","55,48"
"V00018","2026-07-14","F099","P129","4","55,48"
"V00019","2026-01-15","F052","P044","3","21,69"
"V00020","2026-06-25","F041","P068","2","42,34"
"V00021","2026-03-06","F071","P113","4","24,12"
"V00022","2026-06-25","F099","P070","3","45"
"V00023","2026-06-19","F029","P030","1","24,3"
"V00024","2026-05-13","F035","P060","3","70,95"
"V00025","2026-04-21","F038","P044","3","21,69"
"V00026","2026-07-23","F001","P089","2","45,5"
"V00027","2026-08-31","F059","P088","4","85,28"
"V00028","2026-05-21","F074","P070","9","135"
"V00029","2026-10-06","F045","P082","1","20,57"
"V00030","2026-03-26","F040","P101","2","42"
"V00031","2026-09-02","F010","P070","2","30"
"V00032","2026-07-20","F060","P089","2","45,5"
"V00033","2026-02-03","F093","P142","3","60,66"
"V00034","2026-08-02","F018","P061","4","13,24"
"V00035","2026-06-08","F078","P070","5","75"
"V00036","2026-04-22","F087","P096","1","6,4"
"V00037","2026-04-23","F072","P126","5","96"
"V00038","2026-05-05","F021","P107","2","10,24"
"V00039","2026-08-14","F051","P077","4","17,24"
"V00040","2026-10-07","F024","P079","3","55,23"
"V00041","2026-10-02","F030","P057","1","2,51"
"V00042","2026-02-28","F090","P077","3","12,93"
"V00043","2026-08-08","F032","P145","2","34,46"
"V00044","2026-09-26","F089","P005","1","5,8"
"V00045","2026-03-19","F098","P117","3","5,67"
"V00046","2026-06-12","F042","P133","5","105,55"
"V00047","2026-02-28","F054","P134","1","3,11"
"V00048","2026-09-15","F100","P094","1","7,33"
"V00049","2026-01-10","F063","P108","1","11,86"
"V00050","2026-08-10","F047","P140","5","119,05"
"V00051","2026-10-03","F100","P103","2","23,46"
"V00052","2026-08-22","F083","P102","1","17,23"
"V00053","2026-08-20","F071","P116","1","16,44"
"V00054","2026-06-02","F076","P129","1","13,87"
"V00055","2026-07-29","F054","P045","3","27,75"
"V00056","2026-05-31","F022","P139","3","47,16"
"V00057","2026-03-22","F088","P023","2","34,76"
"V00058","2026-03-01","F024","P053","3","30,87"
"V00059","2026-09-01","F053","P050","5","31,7"
"V00060","2026-04-26","F014","P144","7","140,35"
"V00061","2026-06-07","F047","P021","1","3,28"
"V00062","2026-05-20","F100","P066","1","19,52"
"V00063","2026-03-05","F025","P042","5","47,3"
"V00064","2026-07-12","F033","P100","4","21,52"
"V00065","2026-06-30","F063","P061","5","16,55"
"V00066","2026-04-05","F049","P111","3","63"
"V00067","2026-02-14","F042","P045","1","9,25"
"V00068","2026-03-14","F063","P123","5","116"
"V00069","2026-10-06","F030","P005","2","11,6"
"V00070","2026-04-21","F004","P142","5","101,1"
"V00071","2026-02-05","F077","P038","2","7,5"
"V00072","2026-01-03","F058","P114","3","34,53"
"V00073","2026-03-05","F026","P078","8","199,36"
"V00074","2026-01-03","F036","P042","5","47,3"
"V00075","2026-01-26","F083","P116","5","82,2"
"V00076","2026-09-05","F069","P014","1","4,9"
"V00077","2026-09-22","F006","P093","4","61,56"
"V00078","2026-02-18","F030","P118","2","37,48"
"V00079","2026-08-24","F042","P067","2","48,34"
"V00080","2026-05-17","F062","P035","5","113,45"
"V00081","2026-06-23","F092","P002","5","108,7"
"V00082","2026-09-23","F037","P022","4","46,84"
"V00083","2026-03-12","F073","P015","4","18,76"
"V00084","2026-10-07","F061","P075","2","34,32"
"V00085","2026-04-04","F092","P041","3","8,22"
"V00086","2026-02-12","F001","P123","4","92,8"
"V00087","2026-08-03","F061","P099","2","48,62"
"V00088","2026-08-02","F020","P040","5","85,15"
"V00089","2026-10-06","F012","P092","2","49,04"
"V00090","2026-05-27","F045","P085","2","34,86"
"V00091","2026-09-05","F011","P034","1","16,67"
"V00092","2026-01-11","F021","P145","3","51,69"
"V00093","2026-06-10","F024","P091","1","24,88"
"V00094","2026-05-13","F095","P011","3","52,41"
"V00095","2026-03-17","F002","P115","4","66,6"
"V00096","2026-06-02","F088","P100","1","5,38"
"V00097","2026-02-16","F088","P098","2","33,52"
"V00098","2026-07-22","F006","P017","2","6,24"
"V00099","2026-04-20","F074","P011","5","87,35"
"V00100","2026-05-16","F074","P050","4","25,36"
"V00101","2026-01-07","F042","P050","2","12,68"
"V00102","2026-09-03","F045","P082","1","20,57"
"V00103","2026-09-14","F038","P078","5","124,6"
"V00104","2026-05-06","F005","P067","1","24,17"
"V00105","2026-02-20","F050","P122","5","81,9"
"V00106","2026-08-22","F066","P023","3","52,14"
"V00107","2026-08-01","F070","P084","4","15,84"
"V00108","2026-05-07","F034","P133","6","126,66"
"V00109","2026-08-28","F058","P146","2","43,82"
"V00110","2026-03-21","F077","P111","3","63"
"V00111","2026-01-30","F072","P019","1","22,74"
"V00112","2026-04-14","F094","P122","5","81,9"
"V00113","2026-06-02","F049","P121","3","35,82"
"V00114","2026-05-28","F079","P045","4","37"
"V00115","2026-08-07","F027","P100","2","10,76"
"V00116","2026-08-27","F076","P115","5","83,25"
"V00117","2026-02-08","F029","P009","5","112,4"
"V00118","2026-03-21","F082","P078","8","199,36"
"V00119","2026-07-23","F023","P042","3","28,38"
"V00120","2026-08-23","F002","P136","2","28,7"
"V00121","2026-10-04","F060","P002","1","21,74"
"V00122","2026-03-18","F079","P019","7","159,18"
"V00123","2026-09-27","F058","P113","3","18,09"
"V00124","2026-09-29","F008","P072","2","4,34"
"V00125","2026-03-06","F051","P013","7","147,91"
"V00126","2026-07-05","F097","P132","5","92,3"
"V00127","2026-01-06","F088","P102","4","68,92"
"V00128","2026-05-26","F093","P098","2","33,52"
"V00129","2026-07-03","F037","P004","1","5,04"
"V00130","2026-09-09","F088","P146","1","21,91"
"V00131","2026-01-03","F054","P139","4","62,88"
"V00132","2026-06-19","F026","P045","5","46,25"
"V00133","2026-07-16","F015","P084","2","7,92"
"V00134","2026-07-04","F001","P022","1","11,71"
"V00135","2026-05-29","F034","P084","3","11,88"
"V00136","2026-08-17","F043","P021","5","16,4"
"V00137","2026-04-04","F012","P071","7","11,83"
"V00138","2026-07-18","F073","P105","3","20,1"
"V00139","2026-04-08","F067","P090","5","70"
"V00140","2026-02-07","F037","P069","3","71,22"
"V00141","2026-02-21","F030","P101","1","21"
"V00142","2026-03-17","F088","P096","5","32"
"V00143","2026-08-23","F064","P016","3","19,14"
"V00144","2026-07-20","F053","P084","5","19,8"
"V00145","2026-03-23","F083","P068","2","42,34"
"V00146","2026-03-23","F012","P061","5","16,55"
"V00147","2026-01-13","F007","P068","1","21,17"
"V00148","2026-03-31","F082","P089","5","113,75"
"V00149","2026-07-20","F100","P119","5","34,5"
"V00150","2026-04-03","F047","P097","2","7,5"
"V00151","2026-04-02","F067","P117","4","7,56"
"V00152","2026-09-16","F078","P142","2","40,44"
"V00153","2026-09-28","F008","P080","4","70,8"
"V00154","2026-02-21","F067","P061","2","6,62"
"V00155","2026-08-06","F043","P144","4","80,2"
"V00156","2026-03-21","F093","P111","1","21"
"V00157","2026-04-27","F092","P009","2","44,96"
"V00158","2026-04-19","F070","P061","3","9,93"
"V00159","2026-05-28","F064","P083","1","2,14"
"V00160","2026-02-21","F100","P106","2","34,06"
"V00161","2026-04-11","F028","P059","3","57,27"
"V00162","2026-01-18","F010","P090","1","14"
"V00163","2026-07-11","F012","P009","1","22,48"
"V00164","2026-06-28","F034","P088","4","85,28"
"V00165","2026-07-02","F005","P107","5","25,6"
"V00166","2026-02-17","F016","P097","2","7,5"
"V00167","2026-05-21","F098","P030","1","24,3"
"V00168","2026-04-13","F078","P142","4","80,88"
"V00169","2026-03-13","F005","P034","5","83,35"
"V00170","2026-09-01","F074","P011","2","34,94"
"V00171","2026-04-07","F001","P099","2","48,62"
"V00172","2026-04-07","F039","P147","1","16,03"
"V00173","2026-04-27","F017","P007","4","74,48"
"V00174","2026-04-06","F053","P127","5","78,75"
"V00175","2026-09-12","F035","P049","2","35,62"
"V00176","2026-04-16","F051","P123","2","46,4"
"V00177","2026-03-15","F014","P071","7","11,83"
"V00178","2026-06-20","F100","P126","3","57,6"
"V00179","2026-02-24","F006","P103","1","11,73"
"V00180","2026-08-25","F023","P030","5","121,5"
"V00181","2026-06-09","F065","P006","4","92,16"
"V00182","2026-06-17","F053","P114","3","34,53"
"V00183","2026-06-27","F063","P116","4","65,76"
"V00184","2026-06-10","F068","P068","5","105,85"
"V00185","2026-03-28","F044","P001","3","20,22"
"V00186","2026-08-02","F070","P134","3","9,33"
"V00187","2026-08-15","F090","P071","5","8,45"
"V00188","2026-08-16","F004","P129","3","41,61"
"V00189","2026-09-02","F024","P047","5","89,3"
"V00190","2026-02-04","F047","P006","4","92,16"
"V00191","2026-04-10","F039","P027","7","83,86"
"V00192","2026-02-25","F013","P145","4","68,92"
"V00193","2026-01-02","F051","P073","3","22,98"
"V00194","2026-01-28","F024","P127","4","63"
"V00195","2026-01-21","F060","P099","1","24,31"
"V00196","2026-10-04","F022","P049","1","17,81"
"V00197","2026-01-01","F041","P124","4","96,16"
"V00198","2026-01-19","F025","P011","2","34,94"
"V00199","2026-09-10","F084","P060","5","118,25"
"V00200","2026-09-17","F006","P140","2","47,62"
"V00201","2026-03-24","F067","P074","2","7,8"
"V00202","2026-07-18","F021","P067","4","96,68"
"V00203","2026-10-01","F046","P094","1","7,33"
"V00204","2026-07-31","F002","P136","3","43,05"
"V00205","2026-07-12","F003","P059","4","76,36"
"V00206","2026-09-17","F063","P006","4","92,16"
"V00207","2026-05-02","F098","P078","4","99,68"
"V00208","2026-02-18","F064","P124","5","120,2"
"V00209","2026-04-18","F032","P047","4","71,44"
"V00210","2026-10-07","F011","P099","1","24,31"
"V00211","2026-05-16","F081","P065","1","24,07"
"V00212","2026-08-10","F030","P062","3","69,06"
"V00213","2026-05-02","F098","P104","3","64,02"
"V00214","2026-03-21","F010","P056","5","30,65"
"V00215","2026-05-16","F015","P026","5","73,75"
"V00216","2026-07-19","F018","P038","1","3,75"
"V00217","2026-10-03","F051","P079","1","18,41"
"V00218","2026-03-08","F006","P021","5","16,4"
"V00219","2026-03-21","F060","P140","9","214,29"
"V00220","2026-07-09","F006","P144","5","100,25"
"V00221","2026-05-14","F045","P017","5","15,6"
"V00222","2026-01-24","F050","P137","4","28,68"
"V00223","2026-08-09","F033","P087","3","17,31"
"V00224","2026-09-18","F028","P070","5","75"
"V00225","2026-01-21","F047","P055","1","21,73"
"V00226","2026-01-25","F051","P086","4","49,08"
"V00227","2026-08-08","F014","P112","2","34"
"V00228","2026-02-22","F053","P124","4","96,16"
"V00229","2026-09-03","F005","P052","2","33,36"
"V00230","2026-04-29","F035","P127","4","63"
"V00231","2026-03-09","F032","P030","2","48,6"
"V00232","2026-05-24","F064","P106","6","102,18"
"V00233","2026-01-13","F097","P145","4","68,92"
"V00234","2026-02-06","F096","P034","1","16,67"
"V00235","2026-03-23","F043","P013","6","126,78"
"V00236","2026-07-18","F010","P012","5","20,9"
"V00237","2026-08-09","F089","P051","3","32,31"
"V00238","2026-01-09","F032","P086","2","24,54"
"V00239","2026-08-12","F074","P029","3","65,04"
"V00240","2026-06-22","F008","P078","3","74,76"
"V00241","2026-06-04","F001","P035","3","68,07"
"V00242","2026-08-07","F007","P138","5","10,5"
"V00243","2026-04-25","F079","P010","1","18,89"
"V00244","2026-10-07","F064","P087","3","17,31"
"V00245","2026-02-12","F002","P130","3","41,97"
"V00246","2026-01-24","F095","P072","5","10,85"
"V00247","2026-03-10","F038","P039","5","52,2"
"V00248","2026-10-07","F001","P121","3","35,82"
"V00249","2026-08-28","F065","P114","1","11,51"
"V00250","2026-01-22","F016","P053","3","30,87"
"V00251","2026-08-21","F100","P124","3","72,12"
"V00252","2026-04-25","F040","P048","4","15,4"
"V00253","2026-01-18","F097","P084","3","11,88"
"V00254","2026-01-25","F079","P025","5","56,55"
"V00255","2026-01-10","F095","P024","4","76,88"
"V00256","2026-06-15","F012","P014","1","4,9"
"V00257","2026-04-14","F025","P081","3","27,51"
"V00258","2026-03-25","F014","P077","2","8,62"
"V00259","2026-01-14","F041","P068","4","84,68"
"V00260","2026-09-21","F035","P065","3","72,21"
"V00261","2026-06-07","F094","P139","2","31,44"
"V00262","2026-06-04","F014","P105","3","20,1"
"V00263","2026-10-02","F054","P011","1","17,47"
"V00264","2026-10-07","F098","P081","4","36,68"
"V00265","2026-06-22","F003","P050","4","25,36"
"V00266","2026-01-15","F072","P072","4","8,68"
"V00267","2026-04-21","F097","P150","5","74,65"
"V00268","2026-01-13","F073","P075","4","68,64"
"V00269","2026-02-11","F016","P107","2","10,24"
"V00270","2026-08-21","F008","P073","3","22,98"
"V00271","2026-02-18","F066","P073","1","7,66"
"V00272","2026-09-26","F014","P081","5","45,85"
"V00273","2026-03-13","F002","P149","5","24,4"
"V00274","2026-01-08","F089","P138","3","6,3"
"V00275","2026-01-09","F047","P060","5","118,25"
"V00276","2026-04-28","F021","P022","6","70,26"
"V00277","2026-04-14","F055","P005","5","29"
"V00278","2026-03-16","F022","P115","2","33,3"
"V00279","2026-07-23","F015","P099","2","48,62"
"V00280","2026-04-27","F037","P089","4","91"
"V00281","2026-01-30","F012","P038","1","3,75"
"V00282","2026-06-05","F033","P007","5","93,1"
"V00283","2026-09-19","F061","P108","4","47,44"
"V00284","2026-02-16","F044","P050","1","6,34"
"V00285","2026-10-03","F093","P016","3","19,14"
"V00286","2026-09-28","F098","P032","3","63,69"
"V00287","2026-09-17","F070","P146","2","43,82"
"V00288","2026-04-10","F094","P053","2","20,58"
"V00289","2026-05-06","F090","P092","7","171,64"
"V00290","2026-03-17","F026","P042","2","18,92"
"V00291","2026-03-21","F083","P028","2","25,84"
"V00292","2026-09-18","F082","P097","4","15"
"V00293","2026-05-07","F011","P072","5","10,85"
"V00294","2026-08-14","F026","P012","5","20,9"
"V00295","2026-08-11","F069","P031","5","17,5"
"V00296","2026-05-27","F036","P092","7","171,64"
"V00297","2026-08-23","F050","P145","1","17,23"
"V00298","2026-08-29","F078","P008","3","43,44"
"V00299","2026-03-07","F064","P037","5","118,4"
"V00300","2026-08-29","F100","P147","3","48,09"
"V00301","2026-01-03","F078","P125","5","75,25"
"V00302","2026-03-30","F042","P117","4","7,56"
"V00303","2026-08-07","F023","P111","5","105"
"V00304","2026-07-04","F004","P056","3","18,39"
"V00305","2026-05-13","F065","P112","5","85"
"V00306","2026-02-03","F084","P070","1","15"
"V00307","2026-02-18","F095","P084","3","11,88"
"V00308","2026-05-06","F074","P104","5","106,7"
"V00309","2026-02-11","F077","P009","2","44,96"
"V00310","2026-04-27","F041","P003","4","40,2"
"V00311","2026-05-15","F097","P044","5","36,15"
"V00312","2026-01-21","F078","P076","3","11,94"
"V00313","2026-07-02","F076","P071","1","1,69"
"V00314","2026-01-15","F044","P107","2","10,24"
"V00315","2026-10-04","F065","P022","1","11,71"
"V00316","2026-06-18","F071","P143","5","105,75"
"V00317","2026-06-26","F096","P117","1","1,89"
"V00318","2026-02-25","F058","P124","2","48,08"
"V00319","2026-08-03","F083","P089","5","113,75"
"V00320","2026-03-14","F031","P145","5","86,15"
"V00321","2026-01-25","F068","P144","2","40,1"
"V00322","2026-04-11","F051","P004","5","25,2"
"V00323","2026-04-02","F081","P126","5","96"
"V00324","2026-07-19","F064","P148","1","23,27"
"V00325","2026-03-05","F063","P141","7","90,02"
"V00326","2026-03-10","F023","P038","5","18,75"
"V00327","2026-09-24","F020","P036","4","46,52"
"V00328","2026-02-08","F010","P071","5","8,45"
"V00329","2026-05-28","F035","P008","4","57,92"
"V00330","2026-03-30","F043","P055","3","65,19"
"V00331","2026-09-07","F075","P072","5","10,85"
"V00332","2026-06-30","F019","P078","2","49,84"
"V00333","2026-06-01","F074","P146","5","109,55"
"V00334","2026-02-12","F017","P119","5","34,5"
"V00335","2026-09-08","F092","P013","5","105,65"
"V00336","2026-04-18","F096","P118","8","149,92"
"V00337","2026-07-08","F020","P076","1","3,98"
"V00338","2026-02-15","F095","P061","3","9,93"
"V00339","2026-02-25","F004","P086","3","36,81"
"V00340","2026-08-13","F075","P035","5","113,45"
"V00341","2026-03-16","F069","P096","3","19,2"
"V00342","2026-03-07","F014","P117","2","3,78"
"V00343","2026-07-28","F008","P142","3","60,66"
"V00344","2026-01-23","F064","P032","4","84,92"
"V00345","2026-07-05","F027","P066","2","39,04"
"V00346","2026-07-06","F081","P042","1","9,46"
"V00347","2026-06-27","F067","P126","1","19,2"
"V00348","2026-04-15","F082","P139","5","78,6"
"V00349","2026-07-29","F040","P111","3","63"
"V00350","2026-04-17","F050","P039","3","31,32"
"V00351","2026-07-30","F009","P076","3","11,94"
"V00352","2026-01-05","F080","P008","3","43,44"
"V00353","2026-04-03","F001","P077","2","8,62"
"V00354","2026-05-11","F012","P042","2","18,92"
"V00355","2026-08-23","F040","P013","3","63,39"
"V00356","2026-10-02","F073","P149","4","19,52"
"V00357","2026-05-02","F083","P005","5","29"
"V00358","2026-06-25","F010","P006","4","92,16"
"V00359","2026-03-20","F089","P144","6","120,3"
"V00360","2026-03-25","F009","P032","4","84,92"
"V00361","2026-06-17","F064","P008","2","28,96"
"V00362","2026-01-12","F008","P099","5","121,55"
"V00363","2026-05-16","F019","P103","2","23,46"
"V00364","2026-01-01","F068","P106","4","68,12"
"V00365","2026-06-29","F060","P066","5","97,6"
"V00366","2026-09-16","F003","P059","2","38,18"
"V00367","2026-07-07","F066","P125","3","45,15"
"V00368","2026-07-27","F049","P014","3","14,7"
"V00369","2026-10-07","F078","P140","5","119,05"
"V00370","2026-06-28","F075","P143","3","63,45"
"V00371","2026-02-15","F059","P059","1","19,09"
"V00372","2026-07-15","F067","P077","1","4,31"
"V00373","2026-05-09","F088","P066","3","58,56"
"V00374","2026-06-14","F029","P124","5","120,2"
"V00375","2026-02-05","F041","P047","3","53,58"
"V00376","2026-03-02","F007","P078","7","174,44"
"V00377","2026-01-01","F099","P058","4","91,48"
"V00378","2026-01-07","F097","P137","2","14,34"
"V00379","2026-09-18","F010","P131","3","36,54"
"V00380","2026-09-14","F081","P108","1","11,86"
"V00381","2026-02-19","F009","P123","1","23,2"
"V00382","2026-08-30","F047","P034","2","33,34"
"V00383","2026-03-28","F081","P142","5","101,1"
"V00384","2026-03-06","F076","P051","8","86,16"
"V00385","2026-04-07","F090","P005","4","23,2"
"V00386","2026-09-30","F059","P092","2","49,04"
"V00387","2026-09-13","F089","P046","3","30,42"
"V00388","2026-02-28","F025","P035","1","22,69"
"V00389","2026-01-22","F073","P055","4","86,92"
"V00390","2026-09-17","F028","P036","2","23,26"
"V00391","2026-07-21","F076","P133","3","63,33"
"V00392","2026-09-29","F089","P082","5","102,85"
"V00393","2026-03-22","F088","P097","2","7,5"
"V00394","2026-04-10","F095","P008","2","28,96"
"V00395","2026-07-18","F069","P072","4","8,68"
"V00396","2026-02-15","F069","P016","1","6,38"
"V00397","2026-06-24","F043","P066","5","97,6"
"V00398","2026-07-27","F009","P035","2","45,38"
"V00399","2026-07-14","F044","P096","3","19,2"
"V00400","2026-04-02","F026","P004","5","25,2"
"V00401","2026-03-13","F018","P120","3","38,58"
"V00402","2026-02-25","F001","P123","3","69,6"
"V00403","2026-03-10","F036","P067","3","72,51"
"V00404","2026-06-27","F061","P044","3","21,69"
"V00405","2026-01-27","F068","P063","3","23,97"
"V00406","2026-01-03","F011","P039","1","10,44"
"V00407","2026-10-07","F090","P021","2","6,56"
"V00408","2026-07-15","F094","P129","5","69,35"
"V00409","2026-03-04","F051","P014","3","14,7"
"V00410","2026-01-02","F078","P004","3","15,12"
"V00411","2026-06-20","F056","P125","5","75,25"
"V00412","2026-06-22","F067","P116","1","16,44"
"V00413","2026-04-25","F073","P143","3","63,45"
"V00414","2026-02-17","F047","P130","1","13,99"
"V00415","2026-06-28","F043","P130","3","41,97"
"V00416","2026-02-24","F072","P006","2","46,08"
"V00417","2026-08-19","F016","P050","4","25,36"
"V00418","2026-03-23","F095","P045","1","9,25"
"V00419","2026-09-06","F007","P126","4","76,8"
"V00420","2026-09-12","F063","P118","5","93,7"
"V00421","2026-09-02","F086","P068","5","105,85"
"V00422","2026-05-03","F096","P128","3","17,4"
"V00423","2026-05-07","F041","P137","3","21,51"
"V00424","2026-08-11","F071","P144","4","80,2"
"V00425","2026-04-17","F013","P092","5","122,6"
"V00426","2026-08-09","F021","P071","3","5,07"
"V00427","2026-04-02","F047","P034","4","66,68"
"V00428","2026-06-03","F074","P104","3","64,02"
"V00429","2026-05-07","F008","P140","5","119,05"
"V00430","2026-10-03","F053","P055","4","86,92"
"V00431","2026-02-07","F085","P103","3","35,19"
"V00432","2026-01-01","F029","P021","5","16,4"
"V00433","2026-05-14","F038","P047","1","17,86"
"V00434","2026-01-15","F040","P126","2","38,4"
"V00435","2026-02-09","F083","P102","4","68,92"
"V00436","2026-04-29","F058","P075","4","68,64"
"V00437","2026-06-04","F012","P123","5","116"
"V00438","2026-02-27","F048","P054","1","4,25"
"V00439","2026-08-21","F066","P091","4","99,52"
"V00440","2026-04-21","F051","P079","1","18,41"
"V00441","2026-08-01","F055","P139","5","78,6"
"V00442","2026-06-13","F095","P078","5","124,6"
"V00443","2026-01-14","F066","P147","1","16,03"
"V00444","2026-09-11","F077","P017","1","3,12"
"V00445","2026-01-25","F050","P064","1","9,11"
"V00446","2026-03-28","F006","P099","3","72,93"
"V00447","2026-06-23","F062","P131","5","60,9"
"V00448","2026-10-02","F089","P031","2","7"
"V00449","2026-05-01","F086","P049","5","89,05"
"V00450","2026-03-10","F022","P081","4","36,68"
"V00451","2026-08-28","F013","P127","2","31,5"
"V00452","2026-07-29","F002","P104","5","106,7"
"V00453","2026-08-20","F095","P092","3","73,56"
"V00454","2026-01-06","F089","P032","1","21,23"
"V00455","2026-09-25","F025","P028","3","38,76"
"V00456","2026-08-26","F074","P038","2","7,5"
"V00457","2026-04-27","F041","P063","3","23,97"
"V00458","2026-01-06","F024","P042","2","18,92"
"V00459","2026-08-26","F087","P124","4","96,16"
"V00460","2026-08-09","F062","P117","4","7,56"
"V00461","2026-04-11","F079","P064","4","36,44"
"V00462","2026-08-14","F089","P062","2","46,04"
"V00463","2026-06-20","F042","P051","2","21,54"
"V00464","2026-08-17","F012","P065","4","96,28"
"V00465","2026-08-26","F022","P125","5","75,25"
"V00466","2026-02-20","F091","P051","1","10,77"
"V00467","2026-01-24","F071","P137","1","7,17"
"V00468","2026-06-27","F028","P006","3","69,12"
"V00469","2026-01-21","F084","P057","3","7,53"
"V00470","2026-09-10","F002","P150","5","74,65"
"V00471","2026-05-10","F065","P064","5","45,55"
"V00472","2026-05-28","F029","P042","1","9,46"
"V00473","2026-01-07","F054","P119","4","27,6"
"V00474","2026-09-11","F090","P097","4","15"
"V00475","2026-05-12","F088","P069","4","94,96"
"V00476","2026-01-14","F042","P059","3","57,27"
"V00477","2026-04-06","F011","P104","4","85,36"
"V00478","2026-04-19","F069","P059","3","57,27"
"V00479","2026-01-21","F095","P150","5","74,65"
"V00480","2026-01-29","F009","P003","5","50,25"
"V00481","2026-08-02","F057","P051","4","43,08"
"V00482","2026-03-24","F048","P024","3","57,66"
"V00483","2026-05-27","F044","P048","4","15,4"
"V00484","2026-03-06","F079","P142","1","20,22"
"V00485","2026-07-12","F070","P058","3","68,61"
"V00486","2026-01-31","F037","P103","1","11,73"
"V00487","2026-03-14","F089","P042","3","28,38"
"V00488","2026-02-09","F044","P058","2","45,74"
"V00489","2026-09-04","F003","P043","2","9,02"
"V00490","2026-10-02","F081","P142","3","60,66"
"V00491","2026-08-04","F090","P061","1","3,31"
"V00492","2026-07-10","F081","P006","4","92,16"
"V00493","2026-02-19","F095","P006","1","23,04"
"V00494","2026-03-13","F066","P090","1","14"
"V00495","2026-01-04","F002","P108","4","47,44"
"V00496","2026-05-07","F022","P043","4","18,04"
"V00497","2026-09-01","F006","P146","5","109,55"
"V00498","2026-08-09","F026","P056","3","18,39"
"V00499","2026-02-21","F071","P061","4","13,24"
"V00500","2026-04-19","F015","P019","7","159,18"
"V00501","2026-05-23","F064","P016","1","6,38"
"V00502","2026-08-05","F048","P120","1","12,86"
"V00503","2026-09-17","F009","P025","5","56,55"
"V00504","2026-07-09","F074","P146","2","43,82"
"V00505","2026-07-17","F073","P036","1","11,63"
"V00506","2026-06-26","F098","P015","1","4,69"
"V00507","2026-06-06","F038","P021","4","13,12"
"V00508","2026-04-07","F048","P120","1","12,86"
"V00509","2026-09-02","F014","P031","2","7"
"V00510","2026-09-09","F007","P011","1","17,47"
"V00511","2026-02-08","F044","P084","5","19,8"
"V00512","2026-06-30","F018","P055","1","21,73"
"V00513","2026-08-07","F021","P030","3","72,9"
"V00514","2026-09-21","F047","P026","4","59"
"V00515","2026-03-07","F071","P023","1","17,38"
"V00516","2026-09-25","F018","P072","4","8,68"
"V00517","2026-06-03","F070","P053","4","41,16"
"V00518","2026-02-04","F039","P021","2","6,56"
"V00519","2026-01-27","F075","P091","5","124,4"
"V00520","2026-07-21","F054","P137","3","21,51"
"V00521","2026-07-16","F017","P001","5","33,7"
"V00522","2026-05-10","F021","P099","2","48,62"
"V00523","2026-04-09","F097","P010","5","94,45"
"V00524","2026-08-05","F094","P024","3","57,66"
"V00525","2026-06-16","F027","P120","1","12,86"
"V00526","2026-09-03","F030","P138","1","2,1"
"V00527","2026-09-17","F086","P007","3","55,86"
"V00528","2026-05-08","F050","P064","3","27,33"
"V00529","2026-06-18","F018","P050","1","6,34"
"V00530","2026-02-08","F070","P027","3","35,94"
"V00531","2026-02-23","F018","P027","2","23,96"
"V00532","2026-01-15","F065","P118","3","56,22"
"V00533","2026-09-12","F031","P039","4","41,76"
"V00534","2026-07-09","F072","P018","5","23,15"
"V00535","2026-05-16","F036","P143","2","42,3"
"V00536","2026-04-11","F005","P086","6","73,62"
"V00537","2026-07-16","F077","P054","2","8,5"
"V00538","2026-08-28","F057","P104","3","64,02"
"V00539","2026-08-10","F078","P112","2","34"
"V00540","2026-06-15","F016","P092","5","122,6"
"V00541","2026-01-06","F070","P103","1","11,73"
"V00542","2026-09-27","F043","P041","2","5,48"
"V00543","2026-05-04","F022","P004","7","35,28"
"V00544","2026-07-16","F086","P106","2","34,06"
"V00545","2026-05-02","F010","P030","3","72,9"
"V00546","2026-09-01","F092","P080","3","53,1"
"V00547","2026-02-24","F094","P083","3","6,42"
"V00548","2026-02-01","F053","P129","4","55,48"
"V00549","2026-05-27","F035","P104","4","85,36"
"V00550","2026-01-12","F018","P079","4","73,64"
"V00551","2026-04-16","F038","P072","5","10,85"
"V00552","2026-03-08","F004","P091","3","74,64"
"V00553","2026-09-18","F031","P047","4","71,44"
"V00554","2026-08-16","F071","P004","1","5,04"
"V00555","2026-03-14","F009","P085","2","34,86"
"V00556","2026-05-21","F070","P102","1","17,23"
"V00557","2026-05-28","F005","P064","3","27,33"
"V00558","2026-06-23","F076","P026","5","73,75"
"V00559","2026-06-11","F060","P066","5","97,6"
"V00560","2026-07-29","F017","P074","2","7,8"
"V00561","2026-05-29","F092","P042","1","9,46"
"V00562","2026-04-19","F081","P107","2","10,24"
"V00563","2026-08-29","F003","P108","5","59,3"
"V00564","2026-06-30","F074","P149","3","14,64"
"V00565","2026-09-04","F084","P038","3","11,25"
"V00566","2026-10-01","F052","P092","2","49,04"
"V00567","2026-02-26","F052","P089","4","91"
"V00568","2026-04-12","F090","P039","1","10,44"
"V00569","2026-09-12","F097","P004","2","10,08"
"V00570","2026-06-14","F041","P047","1","17,86"
"V00571","2026-09-23","F070","P042","1","9,46"
"V00572","2026-04-22","F032","P006","3","69,12"
"V00573","2026-03-08","F090","P087","2","11,54"
"V00574","2026-03-30","F065","P114","4","46,04"
"V00575","2026-07-06","F080","P094","2","14,66"
"V00576","2026-01-26","F014","P059","4","76,36"
"V00577","2026-06-30","F079","P005","4","23,2"
"V00578","2026-07-14","F083","P008","4","57,92"
"V00579","2026-05-18","F091","P065","3","72,21"
"V00580","2026-08-14","F073","P016","1","6,38"
"V00581","2026-08-12","F005","P027","5","59,9"
"V00582","2026-07-22","F014","P019","2","45,48"
"V00583","2026-09-13","F076","P001","1","6,74"
"V00584","2026-06-20","F007","P094","4","29,32"
"V00585","2026-08-10","F022","P080","3","53,1"
"V00586","2026-01-27","F033","P124","2","48,08"
"V00587","2026-05-20","F076","P121","3","35,82"
"V00588","2026-09-29","F099","P086","3","36,81"
"V00589","2026-07-02","F100","P047","1","17,86"
"V00590","2026-07-19","F072","P012","3","12,54"
"V00591","2026-08-29","F059","P139","3","47,16"
"V00592","2026-04-28","F015","P143","4","84,6"
"V00593","2026-09-11","F061","P004","5","25,2"
"V00594","2026-09-14","F076","P120","1","12,86"
"V00595","2026-03-05","F016","P085","5","87,15"
"V00596","2026-07-19","F096","P058","3","68,61"
"V00597","2026-06-24","F043","P024","2","38,44"
"V00598","2026-03-08","F085","P149","1","4,88"
"V00599","2026-03-04","F022","P148","1","23,27"
"V00600","2026-07-06","F025","P041","3","8,22"
"V00601","2026-03-28","F071","P070","8","120"
"V00602","2026-03-10","F077","P047","3","53,58"
"V00603","2026-05-26","F097","P106","8","136,24"
"V00604","2026-06-20","F048","P006","5","115,2"
"V00605","2026-02-26","F040","P053","4","41,16"
"V00606","2026-02-22","F074","P113","1","6,03"
"V00607","2026-07-23","F099","P098","4","67,04"
"V00608","2026-04-17","F067","P034","1","16,67"
"V00609","2026-08-26","F058","P082","4","82,28"
"V00610","2026-02-13","F069","P117","4","7,56"
"V00611","2026-08-24","F010","P054","5","21,25"
"V00612","2026-02-15","F042","P121","3","35,82"
"V00613","2026-01-11","F016","P032","5","106,15"
"V00614","2026-06-05","F080","P070","2","30"
"V00615","2026-06-12","F055","P117","3","5,67"
"V00616","2026-10-05","F019","P028","2","25,84"
"V00617","2026-05-09","F064","P109","1","10,16"
"V00618","2026-09-30","F055","P009","2","44,96"
"V00619","2026-06-04","F023","P025","2","22,62"
"V00620","2026-04-19","F017","P042","5","47,3"
"V00621","2026-02-03","F037","P054","2","8,5"
"V00622","2026-07-10","F099","P146","1","21,91"
"V00623","2026-06-23","F017","P118","3","56,22"
"V00624","2026-03-14","F040","P101","5","105"
"V00625","2026-10-05","F048","P043","4","18,04"
"V00626","2026-03-06","F067","P026","9","132,75"
"V00627","2026-09-02","F031","P042","3","28,38"
"V00628","2026-05-29","F005","P137","1","7,17"
"V00629","2026-06-12","F058","P109","4","40,64"
"V00630","2026-07-02","F012","P119","5","34,5"
"V00631","2026-10-04","F018","P141","4","51,44"
"V00632","2026-02-12","F083","P104","4","85,36"
"V00633","2026-06-17","F066","P014","5","24,5"
"V00634","2026-05-07","F037","P029","1","21,68"
"V00635","2026-02-16","F086","P119","1","6,9"
"V00636","2026-06-04","F066","P117","1","1,89"
"V00637","2026-09-17","F061","P008","4","57,92"
"V00638","2026-03-13","F081","P087","5","28,85"
"V00639","2026-09-15","F026","P052","3","50,04"
"V00640","2026-06-14","F058","P021","1","3,28"
"V00641","2026-02-16","F011","P092","2","49,04"
"V00642","2026-08-04","F023","P127","4","63"
"V00643","2026-03-15","F060","P096","4","25,6"
"V00644","2026-06-20","F081","P018","3","13,89"
"V00645","2026-09-14","F100","P072","1","2,17"
"V00646","2026-10-05","F042","P080","5","88,5"
"V00647","2026-09-24","F065","P133","2","42,22"
"V00648","2026-04-10","F034","P098","2","33,52"
"V00649","2026-07-25","F098","P091","1","24,88"
"V00650","2026-08-02","F010","P143","5","105,75"
"V00651","2026-08-01","F015","P068","4","84,68"
"V00652","2026-08-22","F080","P112","4","68"
"V00653","2026-06-12","F057","P111","2","42"
"V00654","2026-06-29","F072","P042","3","28,38"
"V00655","2026-04-03","F077","P126","3","57,6"
"V00656","2026-04-08","F022","P106","9","153,27"
"V00657","2026-06-15","F051","P068","5","105,85"
"V00658","2026-01-15","F041","P108","5","59,3"
"V00659","2026-02-08","F053","P029","3","65,04"
"V00660","2026-06-25","F077","P072","3","6,51"
"V00661","2026-04-28","F034","P063","4","31,96"
"V00662","2026-07-30","F047","P113","2","12,06"
"V00663","2026-01-18","F081","P004","3","15,12"
"V00664","2026-07-08","F084","P058","1","22,87"
"V00665","2026-02-14","F044","P057","5","12,55"
"V00666","2026-02-08","F087","P044","2","14,46"
"V00667","2026-04-20","F058","P063","4","31,96"
"V00668","2026-02-04","F057","P070","3","45"
"V00669","2026-03-06","F013","P144","5","100,25"
"V00670","2026-06-21","F080","P049","4","71,24"
"V00671","2026-09-07","F015","P064","4","36,44"
"V00672","2026-06-19","F028","P042","5","47,3"
"V00673","2026-08-15","F061","P074","2","7,8"
"V00674","2026-03-18","F026","P086","5","61,35"
"V00675","2026-09-17","F017","P066","2","39,04"
"V00676","2026-05-24","F045","P016","3","19,14"
"V00677","2026-03-29","F048","P046","3","30,42"
"V00678","2026-01-31","F055","P019","2","45,48"
"V00679","2026-07-11","F085","P082","5","102,85"
"V00680","2026-03-25","F100","P108","2","23,72"
"V00681","2026-04-26","F049","P105","3","20,1"
"V00682","2026-04-22","F046","P056","1","6,13"
"V00683","2026-01-11","F052","P146","1","21,91"
"V00684","2026-03-22","F068","P019","7","159,18"
"V00685","2026-08-30","F076","P138","2","4,2"
"V00686","2026-06-09","F037","P093","3","46,17"
"V00687","2026-07-10","F040","P129","5","69,35"
"V00688","2026-09-24","F024","P041","1","2,74"
"V00689","2026-06-01","F090","P116","4","65,76"
"V00690","2026-09-05","F004","P028","1","12,92"
"V00691","2026-01-15","F019","P084","4","15,84"
"V00692","2026-06-09","F070","P053","2","20,58"
"V00693","2026-03-20","F069","P127","3","47,25"
"V00694","2026-04-24","F001","P020","4","71,12"
"V00695","2026-04-15","F059","P088","5","106,6"
"V00696","2026-07-03","F011","P030","5","121,5"
"V00697","2026-01-16","F079","P134","3","9,33"
"V00698","2026-09-22","F017","P075","1","17,16"
"V00699","2026-02-18","F039","P011","1","17,47"
"V00700","2026-05-16","F087","P145","4","68,92"
"V00701","2026-07-15","F075","P114","5","57,55"
"V00702","2026-05-24","F026","P118","7","131,18"
"V00703","2026-01-25","F037","P104","4","85,36"
"V00704","2026-08-10","F098","P028","5","64,6"
"V00705","2026-06-23","F010","P073","4","30,64"
"V00706","2026-04-01","F096","P062","3","69,06"
"V00707","2026-03-17","F063","P107","3","15,36"
"V00708","2026-10-02","F026","P022","4","46,84"
"V00709","2026-09-08","F014","P036","1","11,63"
"V00710","2026-04-12","F065","P050","5","31,7"
"V00711","2026-02-19","F067","P027","5","59,9"
"V00712","2026-06-15","F020","P092","1","24,52"
"V00713","2026-07-11","F091","P131","1","12,18"
"V00714","2026-06-14","F002","P121","4","47,76"
"V00715","2026-05-04","F095","P097","3","11,25"
"V00716","2026-03-30","F090","P048","5","19,25"
"V00717","2026-03-29","F027","P092","7","171,64"
"V00718","2026-04-11","F043","P095","1","4,36"
"V00719","2026-04-27","F096","P049","3","53,43"
"V00720","2026-03-19","F019","P072","2","4,34"
"V00721","2026-05-17","F023","P024","2","38,44"
"V00722","2026-05-17","F023","P012","3","12,54"
"V00723","2026-04-09","F095","P111","2","42"
"V00724","2026-04-11","F006","P044","4","28,92"
"V00725","2026-03-12","F072","P036","5","58,15"
"V00726","2026-05-25","F078","P018","7","32,41"
"V00727","2026-04-09","F067","P075","1","17,16"
"V00728","2026-03-25","F077","P071","5","8,45"
"V00729","2026-03-09","F067","P047","3","53,58"
"V00730","2026-09-25","F022","P141","3","38,58"
"V00731","2026-04-17","F071","P119","4","27,6"
"V00732","2026-03-29","F020","P116","5","82,2"
"V00733","2026-05-12","F001","P009","1","22,48"
"V00734","2026-01-01","F011","P046","5","50,7"
"V00735","2026-02-20","F008","P040","5","85,15"
"V00736","2026-05-02","F029","P105","2","13,4"
"V00737","2026-07-02","F033","P149","4","19,52"
"V00738","2026-06-14","F013","P045","2","18,5"
"V00739","2026-08-15","F021","P028","4","51,68"
"V00740","2026-05-07","F052","P052","4","66,72"
"V00741","2026-05-17","F076","P067","2","48,34"
"V00742","2026-05-25","F085","P032","2","42,46"
"V00743","2026-07-19","F097","P038","4","15"
"V00744","2026-09-26","F012","P134","3","9,33"
"V00745","2026-07-13","F009","P002","4","86,96"
"V00746","2026-02-22","F028","P041","2","5,48"
"V00747","2026-01-29","F008","P122","3","49,14"
"V00748","2026-03-12","F048","P101","3","63"
"V00749","2026-08-02","F050","P002","3","65,22"
"V00750","2026-05-05","F005","P032","3","63,69"
"V00751","2026-08-26","F077","P008","2","28,96"
"V00752","2026-05-29","F093","P067","5","120,85"
"V00753","2026-02-23","F015","P024","3","57,66"
"V00754","2026-07-16","F052","P090","4","56"
"V00755","2026-01-10","F089","P105","5","33,5"
"V00756","2026-03-14","F011","P034","4","66,68"
"V00757","2026-01-25","F062","P131","1","12,18"
"V00758","2026-02-11","F005","P018","2","9,26"
"V00759","2026-09-16","F077","P137","2","14,34"
"V00760","2026-08-25","F035","P089","3","68,25"
"V00761","2026-02-18","F094","P106","3","51,09"
"V00762","2026-10-06","F039","P136","5","71,75"
"V00763","2026-03-09","F049","P125","5","75,25"
"V00764","2026-01-24","F084","P007","5","93,1"
"V00765","2026-01-31","F050","P054","2","8,5"
"V00766","2026-06-04","F007","P146","5","109,55"
"V00767","2026-08-19","F028","P074","5","19,5"
"V00768","2026-09-07","F003","P019","2","45,48"
"V00769","2026-01-24","F024","P031","1","3,5"
"V00770","2026-02-28","F088","P019","1","22,74"
"V00771","2026-02-07","F082","P107","3","15,36"
"V00772","2026-05-31","F009","P018","5","23,15"
"V00773","2026-05-29","F056","P136","3","43,05"
"V00774","2026-05-12","F003","P040","5","85,15"
"V00775","2026-02-28","F006","P012","2","8,36"
"V00776","2026-01-03","F078","P067","1","24,17"
"V00777","2026-09-05","F052","P050","4","25,36"
"V00778","2026-05-20","F047","P007","5","93,1"
"V00779","2026-08-10","F043","P074","4","15,6"
"V00780","2026-05-28","F082","P093","1","15,39"
"V00781","2026-01-14","F024","P061","3","9,93"
"V00782","2026-01-03","F071","P029","1","21,68"
"V00783","2026-03-16","F073","P085","2","34,86"
"V00784","2026-01-10","F028","P040","4","68,12"
"V00785","2026-06-06","F057","P074","4","15,6"
"V00786","2026-07-03","F065","P049","3","53,43"
"V00787","2026-02-24","F068","P022","5","58,55"
"V00788","2026-05-29","F089","P041","5","13,7"
"V00789","2026-09-17","F005","P047","4","71,44"
"V00790","2026-06-10","F091","P083","4","8,56"
"V00791","2026-03-24","F080","P012","4","16,72"
"V00792","2026-02-19","F062","P042","5","47,3"
"V00793","2026-05-30","F052","P141","8","102,88"
"V00794","2026-07-24","F096","P078","1","24,92"
"V00795","2026-01-18","F096","P003","3","30,15"
"V00796","2026-05-19","F018","P003","5","50,25"
"V00797","2026-08-05","F062","P023","5","86,9"
"V00798","2026-04-06","F033","P119","1","6,9"
"V00799","2026-08-31","F094","P032","1","21,23"
"V00800","2026-02-18","F024","P143","3","63,45"
"V00801","2026-02-11","F088","P091","4","99,52"
"V00802","2026-06-07","F079","P139","2","31,44"
"V00803","2026-01-04","F055","P006","2","46,08"
"V00804","2026-08-06","F017","P017","2","6,24"
"V00805","2026-09-03","F028","P119","1","6,9"
"V00806","2026-09-27","F089","P127","1","15,75"
"V00807","2026-02-18","F070","P133","3","63,33"
"V00808","2026-01-08","F011","P052","4","66,72"
"V00809","2026-07-28","F028","P044","2","14,46"
"V00810","2026-06-22","F012","P069","1","23,74"
"V00811","2026-09-14","F060","P149","5","24,4"
"V00812","2026-07-24","F022","P022","4","46,84"
"V00813","2026-05-02","F098","P127","1","15,75"
"V00814","2026-02-14","F096","P001","5","33,7"
"V00815","2026-08-05","F051","P019","4","90,96"
"V00816","2026-04-10","F091","P001","8","53,92"
"V00817","2026-05-19","F046","P123","1","23,2"
"V00818","2026-06-25","F100","P061","3","9,93"
"V00819","2026-09-21","F072","P046","2","20,28"
"V00820","2026-10-01","F044","P013","3","63,39"
"V00821","2026-03-29","F082","P058","2","45,74"
"V00822","2026-05-30","F068","P087","5","28,85"
"V00823","2026-07-29","F046","P016","2","12,76"
"V00824","2026-05-02","F076","P035","4","90,76"
"V00825","2026-08-12","F010","P147","1","16,03"
"V00826","2026-08-06","F080","P033","4","45,12"
"V00827","2026-06-04","F026","P061","4","13,24"
"V00828","2026-08-25","F005","P047","3","53,58"
"V00829","2026-06-02","F047","P130","4","55,96"
"V00830","2026-09-09","F091","P007","3","55,86"
"V00831","2026-05-18","F099","P106","3","51,09"
"V00832","2026-05-13","F081","P071","7","11,83"
"V00833","2026-06-19","F006","P032","5","106,15"
"V00834","2026-09-02","F053","P088","5","106,6"
"V00835","2026-05-31","F010","P111","4","84"
"V00836","2026-05-16","F054","P019","6","136,44"
"V00837","2026-07-03","F048","P125","2","30,1"
"V00838","2026-07-30","F025","P070","4","60"
"V00839","2026-06-02","F036","P093","4","61,56"
"V00840","2026-01-18","F007","P034","1","16,67"
"V00841","2026-01-08","F021","P003","1","10,05"
"V00842","2026-04-02","F100","P067","5","120,85"
"V00843","2026-05-19","F085","P075","4","68,64"
"V00844","2026-06-07","F042","P077","2","8,62"
"V00845","2026-06-23","F032","P055","3","65,19"
"V00846","2026-05-14","F035","P021","3","9,84"
"V00847","2026-01-27","F004","P143","4","84,6"
"V00848","2026-05-10","F007","P131","1","12,18"
"V00849","2026-07-01","F037","P024","4","76,88"
"V00850","2026-10-04","F072","P121","1","11,94"
"V00851","2026-07-19","F083","P096","3","19,2"
"V00852","2026-04-12","F076","P102","4","68,92"
"V00853","2026-08-05","F048","P055","1","21,73"
"V00854","2026-02-19","F004","P073","1","7,66"
"V00855","2026-04-01","F002","P046","2","20,28"
"V00856","2026-05-14","F067","P061","7","23,17"
"V00857","2026-03-03","F100","P039","3","31,32"
"V00858","2026-07-26","F018","P147","4","64,12"
"V00859","2026-03-11","F058","P119","3","20,7"
"V00860","2026-09-19","F015","P045","2","18,5"
"V00861","2026-04-10","F008","P111","3","63"
"V00862","2026-02-07","F086","P057","3","7,53"
"V00863","2026-09-05","F060","P043","4","18,04"
"V00864","2026-02-13","F090","P044","3","21,69"
"V00865","2026-08-24","F021","P109","1","10,16"
"V00866","2026-04-08","F099","P135","3","19,65"
"V00867","2026-09-21","F024","P104","3","64,02"
"V00868","2026-03-28","F023","P135","7","45,85"
"V00869","2026-04-24","F084","P054","2","8,5"
"V00870","2026-08-12","F016","P060","1","23,65"
"V00871","2026-08-02","F042","P139","4","62,88"
"V00872","2026-09-27","F032","P062","4","92,08"
"V00873","2026-04-26","F055","P009","4","89,92"
"V00874","2026-02-11","F080","P075","2","34,32"
"V00875","2026-05-12","F059","P027","4","47,92"
"V00876","2026-04-29","F030","P032","3","63,69"
"V00877","2026-04-19","F066","P138","5","10,5"
"V00878","2026-06-30","F026","P062","5","115,1"
"V00879","2026-01-02","F078","P078","3","74,76"
"V00880","2026-02-26","F042","P088","1","21,32"
"V00881","2026-08-12","F022","P049","3","53,43"
"V00882","2026-03-25","F062","P006","5","115,2"
"V00883","2026-09-24","F066","P037","4","94,72"
"V00884","2026-03-07","F093","P002","4","86,96"
"V00885","2026-09-23","F046","P139","1","15,72"
"V00886","2026-05-05","F004","P036","1","11,63"
"V00887","2026-03-30","F026","P136","4","57,4"
"V00888","2026-08-07","F034","P126","4","76,8"
"V00889","2026-05-06","F040","P129","1","13,87"
"V00890","2026-02-17","F039","P111","5","105"
"V00891","2026-02-03","F051","P132","5","92,3"
"V00892","2026-06-11","F074","P046","2","20,28"
"V00893","2026-07-27","F040","P077","3","12,93"
"V00894","2026-03-07","F048","P067","2","48,34"
"V00895","2026-04-20","F055","P105","1","6,7"
"V00896","2026-04-05","F003","P149","1","4,88"
"V00897","2026-09-29","F051","P123","5","116"
"V00898","2026-06-20","F076","P074","4","15,6"
"V00899","2026-08-12","F100","P022","3","35,13"
"V00900","2026-02-18","F052","P088","4","85,28"
"V00901","2026-04-27","F060","P133","6","126,66"
"V00902","2026-07-02","F025","P114","1","11,51"
"V00903","2026-03-23","F013","P065","3","72,21"
"V00904","2026-03-27","F020","P150","3","44,79"
"V00905","2026-09-14","F096","P066","1","19,52"
"V00906","2026-06-30","F057","P095","5","21,8"
"V00907","2026-03-29","F032","P054","5","21,25"
"V00908","2026-02-10","F073","P116","4","65,76"
"V00909","2026-09-11","F012","P056","4","24,52"
"V00910","2026-05-08","F092","P012","1","4,18"
"V00911","2026-04-14","F014","P095","5","21,8"
"V00912","2026-03-04","F086","P002","5","108,7"
"V00913","2026-09-16","F023","P148","4","93,08"
"V00914","2026-09-05","F027","P050","2","12,68"
"V00915","2026-02-16","F069","P122","2","32,76"
"V00916","2026-07-30","F030","P057","1","2,51"
"V00917","2026-02-20","F035","P050","2","12,68"
"V00918","2026-03-08","F081","P013","4","84,52"
"V00919","2026-02-03","F037","P033","3","33,84"
"V00920","2026-09-25","F008","P030","3","72,9"
"V00921","2026-07-11","F035","P092","2","49,04"
"V00922","2026-07-05","F058","P038","1","3,75"
"V00923","2026-04-13","F022","P006","2","46,08"
"V00924","2026-05-27","F013","P040","3","51,09"
"V00925","2026-08-07","F044","P036","4","46,52"
"V00926","2026-10-06","F038","P006","2","46,08"
"V00927","2026-03-25","F060","P026","6","88,5"
"V00928","2026-01-30","F018","P034","2","33,34"
"V00929","2026-01-24","F097","P002","5","108,7"
"V00930","2026-03-31","F039","P134","4","12,44"
"V00931","2026-08-26","F058","P111","4","84"
"V00932","2026-07-19","F081","P010","5","94,45"
"V00933","2026-07-29","F014","P047","5","89,3"
"V00934","2026-02-23","F026","P112","5","85"
"V00935","2026-07-05","F068","P020","2","35,56"
"V00936","2026-01-24","F021","P078","1","24,92"
"V00937","2026-08-10","F011","P073","1","7,66"
"V00938","2026-02-03","F061","P010","1","18,89"
"V00939","2026-01-19","F041","P008","5","72,4"
"V00940","2026-04-02","F019","P015","2","9,38"
"V00941","2026-03-15","F041","P049","1","17,81"
"V00942","2026-08-05","F058","P108","5","59,3"
"V00943","2026-01-22","F063","P114","1","11,51"
"V00944","2026-06-17","F046","P041","4","10,96"
"V00945","2026-01-25","F029","P037","2","47,36"
"V00946","2026-01-06","F067","P071","1","1,69"
"V00947","2026-08-11","F038","P089","1","22,75"
"V00948","2026-01-07","F082","P133","4","84,44"
"V00949","2026-04-07","F072","P114","4","46,04"
"V00950","2026-01-09","F074","P134","3","9,33"
"V00951","2026-03-12","F024","P003","5","50,25"
"V00952","2026-07-22","F058","P047","2","35,72"
"V00953","2026-01-17","F028","P112","1","17"
"V00954","2026-08-21","F039","P027","3","35,94"
"V00955","2026-05-22","F070","P030","4","97,2"
"V00956","2026-03-11","F095","P018","6","27,78"
"V00957","2026-01-08","F085","P088","3","63,96"
"V00958","2026-05-12","F100","P072","3","6,51"
"V00959","2026-06-11","F015","P026","5","73,75"
"V00960","2026-09-22","F080","P057","2","5,02"
"V00961","2026-04-08","F037","P033","1","11,28"
"V00962","2026-04-28","F060","P110","5","95,85"
"V00963","2026-09-21","F097","P001","2","13,48"
"V00964","2026-08-26","F097","P087","4","23,08"
"V00965","2026-09-11","F042","P090","4","56"
"V00966","2026-06-15","F063","P137","1","7,17"
"V00967","2026-04-26","F071","P021","1","3,28"
"V00968","2026-03-14","F076","P135","9","58,95"
"V00969","2026-04-07","F036","P094","5","36,65"
"V00970","2026-06-27","F027","P111","1","21"
"V00971","2026-07-26","F081","P083","1","2,14"
"V00972","2026-01-18","F013","P054","3","12,75"
"V00973","2026-10-05","F091","P108","1","11,86"
"V00974","2026-05-29","F070","P149","1","4,88"
"V00975","2026-09-04","F093","P024","5","96,1"
"V00976","2026-07-23","F063","P095","4","17,44"
"V00977","2026-06-25","F007","P124","5","120,2"
"V00978","2026-09-09","F044","P150","3","44,79"
"V00979","2026-09-11","F043","P007","4","74,48"
"V00980","2026-04-05","F007","P149","1","4,88"
"V00981","2026-02-05","F052","P148","5","116,35"
"V00982","2026-05-29","F028","P110","3","57,51"
"V00983","2026-02-09","F080","P122","4","65,52"
"V00984","2026-09-14","F094","P014","2","9,8"
"V00985","2026-07-30","F033","P061","4","13,24"
"V00986","2026-02-23","F036","P118","4","74,96"
"V00987","2026-07-11","F042","P089","3","68,25"
"V00988","2026-03-10","F071","P021","1","3,28"
"V00989","2026-06-18","F033","P034","1","16,67"
"V00990","2026-07-26","F055","P089","5","113,75"
"V00991","2026-05-19","F018","P048","2","7,7"
"V00992","2026-07-08","F013","P004","1","5,04"
"V00993","2026-05-28","F064","P074","2","7,8"
"V00994","2026-09-27","F067","P150","1","14,93"
"V00995","2026-01-27","F037","P104","3","64,02"
"V00996","2026-09-30","F069","P084","2","7,92"
"V00997","2026-05-26","F090","P072","1","2,17"
"V00998","2026-06-02","F099","P150","3","44,79"
"V00999","2026-05-17","F045","P031","8","28"
"V01000","2026-06-29","F006","P121","2","23,88"
